Workbook

Sheet 1月
A1: 1日: | B1: 原神:976 | C1: 976
A2: 2日: | B2: 早饭:8,午饭:14.5 | C2: 22.5
A3: 3日: | B3: 早饭:4.5,午饭:18,晚饭:12.8,购物:98.6 | C3: 133.9
A4: 4日: | B4: 原神:30 | C4: 30
A5: 5日: | B5: 生鲜:17 | C5: 17
A6: 6日: | B6: 早饭:1.8,午饭:14,晚饭:12.5 | C6: 28.3
A7: 7日: | B7: 早饭:4.8,午饭:15.2,晚饭:16,宽带:33.3 | C7: 69.3
A8: 8日: | B8: 早饭:4.3,午饭:14 | C8: 18.3
A9: 9日: | B9: 早饭:5.8,午饭:14,晚饭:13 | C9: 32.8
A10: 10日: | B10: 早饭:4.3,午饭:14,晚饭:10 | C10: 28.3
A11: 11日:
A12: 12日: | B12: 生鲜:49.3 | C12: 49.3
A13: 13日: | B13: 早饭:5.5,午饭:13.4,晚饭:13,妈妈:-520 | C13: 551.9
A14: 14日: | B14: 早饭:5.5,午饭:17,晚饭:10,夜宵:19.9 | C14: 52.4
A15: 15日: | B15: 早饭:5,午饭:16.1,晚饭:18.1,购物:21.9,夜宵:22.7 | C15: 83.8
A16: 16日: | B16: 早饭:2.5,午饭:14 | C16: 16.5
A17: 17日: | B17: 早饭:3.5,午饭:14,晚饭:10 | C17: 27.5
A18: 18日: | B18: kfc:60 | C18: 60
A19: 19日: | B19: kfc:69,饮料:3,裁缝:5 | C19: 77
A20: 20日: | B20: 早饭:2.5,午饭:16,晚饭:15.3 | C20: 33.8
A21: 21日: | B21: 早饭:4,午饭:17,晚饭:15.1 | C21: 36.1
A22: 22日: | B22: 早饭:9,午饭:16.4,晚饭:11 | C22: 36.4
A23: 23日: | B23: 早饭:5,午饭:16,晚饭:11,荆环:60 | C23: 92
... A26: 26日: | B26: 原神:68,消费:17 | C26: 85
A27: 27日:
A28: 28日: | B28: 挂号:27 | C28: 27
A29: 29日: | B29: 网吧:10,购物:93.6 | C29: 103.6
A30: 30日: | B30: 网吧:20,烧烤:196 | C30: 216
A31: 31日: | B31: 晚饭:49.9 | C31: 49.9
B32: 总计 | C32: =ROUND(SUM(C1:C31),1)
B33: 父母:+600，父母:+600，工资:+17080.3，父母:+2000 | C33: =600+600+17080.3+2000

Sheet 2月
A1: 1日:
A2: 2日:
A3: 3日:
A4: 4日:
A5: 5日:
A6: 6日:
A7: 7日:
A8: 8日:
A9: 9日:
A10: 10日:
A11: 11日:
A12: 12日:
... A28: 28日:
B29: 总计 | C29: =ROUND(SUM(C1:C28),1)
B30: 收入总计 | C30: =0

Sheet 3月
A1: 1日:
A2: 2日:
A3: 3日:
A4: 4日:
A5: 5日:
A6: 6日:
A7: 7日:
A8: 8日:
A9: 9日:
A10: 10日:
A11: 11日:
A12: 12日:
... A31: 31日:
B32: 总计 | C32: =ROUND(SUM(C1:C31),1)
B33: 收入总计 | C33: =0

Sheet 4月
A1: 1日:
A2: 2日:
A3: 3日:
A4: 4日:
A5: 5日:
A6: 6日:
A7: 7日:
A8: 8日:
A9: 9日:
A10: 10日:
A11: 11日:
A12: 12日:
... A30: 30日:
B31: 总计 | C31: =ROUND(SUM(C1:C30),1)
B32: 收入总计 | C32: =0

Sheet 5月
A1: 1日:
A2: 2日:
A3: 3日:
A4: 4日:
A5: 5日:
A6: 6日:
A7: 7日:
A8: 8日:
A9: 9日:
A10: 10日:
A11: 11日:
A12: 12日:
... A31: 31日:
B32: 总计 | C32: =ROUND(SUM(C1:C31),1)
B33: 收入总计 | C33: =0

Sheet 6月
A1: 1日:
A2: 2日:
A3: 3日:
A4: 4日:
A5: 5日:
A6: 6日:
A7: 7日:
A8: 8日:
A9: 9日:
A10: 10日:
A11: 11日:
A12: 12日:
... A30: 30日:
B31: 总计 | C31: =ROUND(SUM(C1:C30),1)
B32: 收入总计 | C32: =0

Sheet 7月
A1: 1日:
A2: 2日:
A3: 3日:
A4: 4日:
A5: 5日:
A6: 6日:
A7: 7日:
A8: 8日:
A9: 9日:
A10: 10日:
A11: 11日:
A12: 12日:
... A31: 31日:
B32: 总计 | C32: =ROUND(SUM(C1:C31),1)
B33: 收入总计 | C33: =0

Sheet 8月
A1: 1日:
A2: 2日:
A3: 3日:
A4: 4日:
A5: 5日:
A6: 6日:
A7: 7日:
A8: 8日:
A9: 9日:
A10: 10日:
A11: 11日:
A12: 12日:
... A31: 31日:
B32: 总计 | C32: =ROUND(SUM(C1:C31),1)
B33: 收入总计 | C33: =0

Sheet 9月
A1: 1日:
A2: 2日:
A3: 3日:
A4: 4日:
A5: 5日:
A6: 6日:
A7: 7日:
A8: 8日:
A9: 9日:
A10: 10日:
A11: 11日:
A12: 12日:
... A30: 30日:
B31: 总计 | C31: =ROUND(SUM(C1:C30),1)
B32: 收入总计 | C32: =0

Sheet 10月
A1: 1日:
A2: 2日:
A3: 3日:
A4: 4日:
A5: 5日:
A6: 6日:
A7: 7日:
A8: 8日:
A9: 9日:
A10: 10日:
A11: 11日:
A12: 12日:
... A31: 31日:
B32: 总计 | C32: =ROUND(SUM(C1:C31),1)
B33: 收入总计 | C33: =0

Sheet 11月
A1: 1日:
A2: 2日:
A3: 3日:
A4: 4日:
A5: 5日:
A6: 6日:
A7: 7日:
A8: 8日:
A9: 9日:
A10: 10日:
A11: 11日:
A12: 12日:
... A30: 30日:
B31: 总计 | C31: =ROUND(SUM(C1:C30),1)
B32: 收入总计 | C32: =0

Sheet 12月
A1: 1日:
A2: 2日:
A3: 3日:
A4: 4日:
A5: 5日:
A6: 6日:
A7: 7日:
A8: 8日:
A9: 9日:
A10: 10日:
A11: 11日:
A12: 12日:
... A31: 31日:
B32: 总计 | C32: =ROUND(SUM(C1:C31),1)
B33: 收入总计 | C33: =0

Sheet 总计
A1: 月份 | B1: 支出 | C1: 收入 | D1: 结余（收入-支出）
A2: 1月 | B2: ='1月'!C32 | C2: ='1月'!C33 | D2: =ROUND(C2-B2,1)
A3: 2月 | B3: ='2月'!C29 | C3: ='2月'!C30 | D3: =ROUND(C3-B3,1)
A4: 3月 | B4: ='3月'!C32 | C4: ='3月'!C33 | D4: =ROUND(C4-B4,1)
A5: 4月 | B5: ='4月'!C31 | C5: ='4月'!C32 | D5: =ROUND(C5-B5,1)
A6: 5月 | B6: ='5月'!C32 | C6: ='5月'!C33 | D6: =ROUND(C6-B6,1)
A7: 6月 | B7: ='6月'!C31 | C7: ='6月'!C32 | D7: =ROUND(C7-B7,1)
A8: 7月 | B8: ='7月'!C32 | C8: ='7月'!C33 | D8: =ROUND(C8-B8,1)
A9: 8月 | B9: ='8月'!C32 | C9: ='8月'!C33 | D9: =ROUND(C9-B9,1)
A10: 9月 | B10: ='9月'!C31 | C10: ='9月'!C32 | D10: =ROUND(C10-B10,1)
A11: 10月 | B11: ='10月'!C32 | C11: ='10月'!C33 | D11: =ROUND(C11-B11,1)
A12: 11月 | B12: ='11月'!C31 | C12: ='11月'!C32 | D12: =ROUND(C12-B12,1)
A13: 12月 | B13: ='12月'!C32 | C13: ='12月'!C33 | D13: =ROUND(C13-B13,1)
A14: 2025年总计 | B14: =ROUND(SUM(B2:B13),1) | C14: =ROUND(SUM(C2:C13),1) | D14: =ROUND(C14-B14,1)

Sheet 分类统计
A1: 2025年支出原因占比
A2: 分类 | B2: 金额 | C2: 占比
A3: 游戏消费 | B3: 1074 | C3: =IFERROR(B3/$B$15,0)
A4: 餐饮 | B4: 951.5 | C4: =IFERROR(B4/$B$15,0)
A5: 妈妈 | B5: 520 | C5: =IFERROR(B5/$B$15,0)
A6: 交通 | B6: 386 | C6: =IFERROR(B6/$B$15,0)
A7: 购物 | B7: 214.1 | C7: =IFERROR(B7/$B$15,0)
A8: 生鲜 | B8: 66.3 | C8: =IFERROR(B8/$B$15,0)
A9: 荆环 | B9: 60 | C9: =IFERROR(B9/$B$15,0)
A10: 网络通信 | B10: 33.3 | C10: =IFERROR(B10/$B$15,0)
A11: 网吧 | B11: 30 | C11: =IFERROR(B11/$B$15,0)
A12: 医疗 | B12: 27 | C12: =IFERROR(B12/$B$15,0)
A13: 消费 | B13: 17 | C13: =IFERROR(B13/$B$15,0)
A14: 裁缝 | B14: 5 | C14: =IFERROR(B14/$B$15,0)
A15: 总计 | B15: =ROUND(SUM(B3:B14),1)
A31: 2025年收入来源占比
A32: 分类 | B32: 金额 | C32: 占比
A33: 工资 | B33: 17080.3 | C33: =IFERROR(B33/$B$35,0)
A34: 父母 | B34: 3200 | C34: =IFERROR(B34/$B$35,0)
A35: 总计 | B35: =ROUND(SUM(B33:B34),1)
